state,year,itc,rnd,G_rnd,G_itc,delta_rnd,has_rnd,delta_itc,has_itc,G_both,has_both
AL,1990,0,0,0,1995,0,0,0,0,1995,0
AL,1991,0,0,0,1995,0,0,0,0,1995,0
AL,1992,0,0,0,1995,0,0,0,0,1995,0
AL,1993,0,0,0,1995,0,0,0,0,1995,0
AL,1994,0,0,0,1995,0,0,0,0,1995,0
AL,1995,.0092799999,0,0,1995,0,0,.0092799999,1,1995,1
AL,1996,.0093099996,0,0,1995,0,0,.000029999763,1,1995,1
AL,1997,.0092799999,0,0,1995,0,0,-.000029999763,1,1995,1
AL,1998,.0093,0,0,1995,0,0,.000020000152,1,1995,1
AL,1999,.0093299998,0,0,1995,0,0,.000029999763,1,1995,1
AL,2000,.0093099996,0,0,1995,0,0,-.000020000152,1,1995,1
AL,2001,.01206,0,0,1995,0,0,.00275,1,1995,1
AL,2002,.01205,0,0,1995,0,0,-9.9996105e-06,1,1995,1
AL,2003,.01205,0,0,1995,0,0,0,1,1995,1
AL,2004,.01205,0,0,1995,0,0,0,1,1995,1
AL,2005,.01199,0,0,1995,0,0,-.000060000457,1,1995,1
AL,2006,.01199,0,0,1995,0,0,0,1,1995,1
AL,2007,.012,0,0,1995,0,0,.000010000542,1,1995,1
AL,2008,.01195,0,0,1995,0,0,-.000049999915,1,1995,1
AL,2009,.01195,0,0,1995,0,0,0,1,1995,1
AL,2010,.01194,0,0,1995,0,0,-.000010000542,1,1995,1
AZ,1990,0,0,1992,0,0,0,0,0,1992,0
AZ,1991,0,0,1992,0,0,0,0,0,1992,0
AZ,1992,0,.0039599999,1992,0,.0039599999,1,0,0,1992,1
AZ,1993,0,.0039599999,1992,0,0,1,0,0,1992,1
AZ,1994,0,.0039400002,1992,0,-.000019999687,1,0,0,1992,1
AZ,1995,0,.0039400002,1992,0,0,1,0,0,1992,1
AZ,1996,0,.00392,1992,0,-.000020000152,1,0,0,1992,1
AZ,1997,0,.00391,1992,0,-.000010000076,1,0,0,1992,1
AZ,1998,0,.0038600001,1992,0,-.000049999915,1,0,0,1992,1
AZ,1999,0,.0037700001,1992,0,-.000089999987,1,0,0,1992,1
AZ,2000,0,.0037700001,1992,0,0,1,0,0,1992,1
AZ,2001,0,.0035999999,1992,0,-.00017000013,1,0,0,1992,1
AZ,2002,0,.0035999999,1992,0,0,1,0,0,1992,1
AZ,2003,0,.0036200001,1992,0,.000020000152,1,0,0,1992,1
AZ,2004,0,.00364,1992,0,.000019999919,1,0,0,1992,1
AZ,2005,0,.0036299999,1992,0,-.000010000076,1,0,0,1992,1
AZ,2006,0,.0036500001,1992,0,.000020000152,1,0,0,1992,1
AZ,2007,0,.0035999999,1992,0,-.000050000148,1,0,0,1992,1
AZ,2008,0,.00358,1992,0,-.000019999919,1,0,0,1992,1
AZ,2009,0,.00355,1992,0,-.000029999996,1,0,0,1992,1
AZ,2010,0,.00355,1992,0,0,1,0,0,1992,1
CA,1990,0,.0021500001,1990,1994,0,1,0,0,1990,1
CA,1991,0,.0021500001,1990,1994,0,1,0,0,1990,1
CA,1992,0,.0021500001,1990,1994,0,1,0,0,1990,1
CA,1993,0,.0021500001,1990,1994,0,1,0,0,1990,1
CA,1994,.00178,.0020999999,1990,1994,-.000050000148,1,.00178,1,1990,1
CA,1995,.00178,.0020999999,1990,1994,0,1,0,1,1990,1
CA,1996,.00179,.0020999999,1990,1994,0,1,9.9999597e-06,1,1990,1
CA,1997,.00179,.00287,1990,1994,.00077000004,1,0,1,1990,1
CA,1998,.00177,.00285,1990,1994,-.000019999919,1,-.000020000036,1,1990,1
CA,1999,.00176,.00309,1990,1994,.00023999996,1,-9.9999597e-06,1,1990,1
CA,2000,.00177,.0037100001,1990,1994,.00062000006,1,9.9999597e-06,1,1990,1
CA,2001,.00177,.0037,1990,1994,-.000010000076,1,0,1,1990,1
CA,2002,.00177,.0037,1990,1994,0,1,0,1,1990,1
CA,2003,.00177,.0037100001,1990,1994,.000010000076,1,0,1,1990,1
CA,2004,0,.00398,1990,1994,.00026999996,1,-.00177,0,1990,1
CA,2005,0,.0039900001,1990,1994,.000010000076,1,0,0,1990,1
CA,2006,0,.0040099998,1990,1994,.000019999687,1,0,0,1990,1
CA,2007,0,.0040099998,1990,1994,0,1,0,0,1990,1
CA,2008,0,.0039900001,1990,1994,-.000019999687,1,0,0,1990,1
CA,2009,0,.0039900001,1990,1994,0,1,0,0,1990,1
CA,2010,0,.00398,1990,1994,-.000010000076,1,0,0,1990,1
CO,1990,0,0,0,0,0,0,0,0,0,0
CO,1991,0,0,0,0,0,0,0,0,0,0
CO,1992,0,0,0,0,0,0,0,0,0,0
CO,1993,0,0,0,0,0,0,0,0,0,0
CO,1994,0,0,0,0,0,0,0,0,0,0
CO,1995,0,0,0,0,0,0,0,0,0,0
CO,1996,0,0,0,0,0,0,0,0,0,0
CO,1997,0,0,0,0,0,0,0,0,0,0
CO,1998,0,0,0,0,0,0,0,0,0,0
CO,1999,0,0,0,0,0,0,0,0,0,0
CO,2000,0,0,0,0,0,0,0,0,0,0
CO,2001,0,0,0,0,0,0,0,0,0,0
CO,2002,0,0,0,0,0,0,0,0,0,0
CO,2003,0,0,0,0,0,0,0,0,0,0
CO,2004,0,0,0,0,0,0,0,0,0,0
CO,2005,0,0,0,0,0,0,0,0,0,0
CO,2006,0,0,0,0,0,0,0,0,0,0
CO,2007,0,0,0,0,0,0,0,0,0,0
CO,2008,0,0,0,0,0,0,0,0,0,0
CO,2009,0,0,0,0,0,0,0,0,0,0
CO,2010,0,0,0,0,0,0,0,0,0,0
CT,1990,0,0,1993,1998,0,0,0,0,1993,0
CT,1991,0,0,1993,1998,0,0,0,0,1993,0
CT,1992,0,0,1993,1998,0,0,0,0,1993,0
CT,1993,0,.00098999997,1993,1998,.00098999997,1,0,0,1993,1
CT,1994,0,.00098999997,1993,1998,0,1,0,0,1993,1
CT,1995,0,.00098000001,1993,1998,-9.9999597e-06,1,0,0,1993,1
CT,1996,0,.00095000002,1993,1998,-.000029999996,1,0,0,1993,1
CT,1997,0,.00094,1993,1998,-.000010000018,1,0,0,1993,1
CT,1998,.0020600001,.00102,1993,1998,.000079999969,1,.0020600001,1,1993,1
CT,1999,.00199,.00096999999,1993,1998,-.000049999973,1,-.000070000067,1,1993,1
CT,2000,.00208,.00106,1993,1998,.000090000045,1,.000089999987,1,1993,1
CT,2001,.00202,.001,1993,1998,-.000059999991,1,-.000059999991,1,1993,1
CT,2002,.0020099999,.00098999997,1993,1998,-.000010000076,1,-.000010000076,1,1993,1
CT,2003,.0021800001,.00107,1993,1998,.000080000027,1,.00017000013,1,1993,1
CT,2004,.00226,.00109,1993,1998,.000020000036,1,.000079999911,1,1993,1
CT,2005,.00214,.00101,1993,1998,-.000080000027,1,-.00011999998,1,1993,1
CT,2006,.00185,.00091,1993,1998,-.0001,1,-.00029,1,1993,1
CT,2007,.00083999999,.00070999999,1993,1998,-.00020000001,1,-.00101,1,1993,1
CT,2008,.00083999999,.00072000001,1993,1998,.000010000018,1,0,1,1993,1
CT,2009,.00091,.00073999999,1993,1998,.000019999978,1,.000070000009,1,1993,1
CT,2010,.00094,.00075000001,1993,1998,.000010000018,1,.000029999996,1,1993,1
DC,1990,0,0,0,0,0,0,0,0,0,0
DC,1991,0,0,0,0,0,0,0,0,0,0
DC,1992,0,0,0,0,0,0,0,0,0,0
DC,1993,0,0,0,0,0,0,0,0,0,0
DC,1994,0,0,0,0,0,0,0,0,0,0
DC,1995,0,0,0,0,0,0,0,0,0,0
DC,1996,0,0,0,0,0,0,0,0,0,0
DC,1997,0,0,0,0,0,0,0,0,0,0
DC,1998,0,0,0,0,0,0,0,0,0,0
DC,1999,0,0,0,0,0,0,0,0,0,0
DC,2000,0,0,0,0,0,0,0,0,0,0
DC,2001,0,0,0,0,0,0,0,0,0,0
DC,2002,0,0,0,0,0,0,0,0,0,0
DC,2003,0,0,0,0,0,0,0,0,0,0
DC,2004,0,0,0,0,0,0,0,0,0,0
DC,2005,0,0,0,0,0,0,0,0,0,0
DC,2006,0,0,0,0,0,0,0,0,0,0
DC,2007,0,0,0,0,0,0,0,0,0,0
DC,2008,0,0,0,0,0,0,0,0,0,0
DC,2009,0,0,0,0,0,0,0,0,0,0
DC,2010,0,0,0,0,0,0,0,0,0,0
FL,1990,0,0,0,1998,0,0,0,0,1998,0
FL,1991,0,0,0,1998,0,0,0,0,1998,0
FL,1992,0,0,0,1998,0,0,0,0,1998,0
FL,1993,0,0,0,1998,0,0,0,0,1998,0
FL,1994,0,0,0,1998,0,0,0,0,1998,0
FL,1995,0,0,0,1998,0,0,0,0,1998,0
FL,1996,0,0,0,1998,0,0,0,0,1998,0
FL,1997,0,0,0,1998,0,0,0,0,1998,0
FL,1998,.0071399999,0,0,1998,0,0,.0071399999,1,1998,1
FL,1999,.0071999999,0,0,1998,0,0,.000059999991,1,1998,1
FL,2000,.00722,0,0,1998,0,0,.000020000152,1,1998,1
FL,2001,.0071700001,0,0,1998,0,0,-.000049999915,1,1998,1
FL,2002,.00721,0,0,1998,0,0,.000039999839,1,1998,1
FL,2003,.00728,0,0,1998,0,0,.000070000067,1,1998,1
FL,2004,.0073600002,0,0,1998,0,0,.000080000143,1,1998,1
FL,2005,.0073500001,0,0,1998,0,0,-.000010000076,1,1998,1
FL,2006,.0073899999,0,0,1998,0,0,.000039999839,1,1998,1
FL,2007,.0074700001,0,0,1998,0,0,.000080000143,1,1998,1
FL,2008,.0074700001,0,0,1998,0,0,0,1,1998,1
FL,2009,.0074700001,0,0,1998,0,0,0,1,1998,1
FL,2010,.0074900002,0,0,1998,0,0,.000020000152,1,1998,1
GA,1990,0,0,1998,0,0,0,0,0,1998,0
GA,1991,0,0,1998,0,0,0,0,0,1998,0
GA,1992,0,0,1998,0,0,0,0,0,1998,0
GA,1993,0,0,1998,0,0,0,0,0,1998,0
GA,1994,0,0,1998,0,0,0,0,0,1998,0
GA,1995,0,0,1998,0,0,0,0,0,1998,0
GA,1996,0,0,1998,0,0,0,0,0,1998,0
GA,1997,0,0,1998,0,0,0,0,0,1998,0
GA,1998,0,.00086999999,1998,0,.00086999999,1,0,0,1998,1
GA,1999,0,.00086999999,1998,0,0,1,0,0,1998,1
GA,2000,0,.00086999999,1998,0,0,1,0,0,1998,1
GA,2001,0,.00086999999,1998,0,0,1,0,0,1998,1
GA,2002,0,.00086999999,1998,0,0,1,0,0,1998,1
GA,2003,0,.00086999999,1998,0,0,1,0,0,1998,1
GA,2004,0,.00086999999,1998,0,0,1,0,0,1998,1
GA,2005,0,.00086999999,1998,0,0,1,0,0,1998,1
GA,2006,0,.00086999999,1998,0,0,1,0,0,1998,1
GA,2007,0,.00086999999,1998,0,0,1,0,0,1998,1
GA,2008,0,.00086999999,1998,0,0,1,0,0,1998,1
GA,2009,0,.00086999999,1998,0,0,1,0,0,1998,1
GA,2010,0,.00086999999,1998,0,0,1,0,0,1998,1
IA,1990,0,.0017500001,1990,1994,0,1,0,0,1990,1
IA,1991,0,.0017500001,1990,1994,0,1,0,0,1990,1
IA,1992,0,.0017500001,1990,1994,0,1,0,0,1990,1
IA,1993,0,.0017500001,1990,1994,0,1,0,0,1990,1
IA,1994,.0079600001,.0017500001,1990,1994,0,1,.0079600001,1,1990,1
IA,1995,.0079800002,.0017500001,1990,1994,0,1,.000020000152,1,1990,1
IA,1996,.00801,.0017500001,1990,1994,0,1,.000029999763,1,1990,1
IA,1997,.0080199996,.0017500001,1990,1994,0,1,9.9996105e-06,1,1990,1
IA,1998,.0079800002,.0017500001,1990,1994,0,1,-.000039999373,1,1990,1
IA,1999,.00801,.0017500001,1990,1994,0,1,.000029999763,1,1990,1
IA,2000,.0080800001,.0017500001,1990,1994,0,1,.000070000067,1,1990,1
IA,2001,.0081000002,.0017500001,1990,1994,0,1,.000020000152,1,1990,1
IA,2002,.0080500003,.0017500001,1990,1994,0,1,-.000049999915,1,1990,1
IA,2003,.0080000004,.0017500001,1990,1994,0,1,-.000049999915,1,1990,1
IA,2004,.0079600001,.0017500001,1990,1994,0,1,-.000040000305,1,1990,1
IA,2005,.00801,.0017500001,1990,1994,0,1,.000049999915,1,1990,1
IA,2006,.0080599999,.0017500001,1990,1994,0,1,.000049999915,1,1990,1
IA,2007,.0080700004,.0017500001,1990,1994,0,1,.000010000542,1,1990,1
IA,2008,.0081500001,.0017500001,1990,1994,0,1,.000079999678,1,1990,1
IA,2009,.0080300001,.0017500001,1990,1994,0,1,-.00011999998,1,1990,1
IA,2010,.0079899998,.0017500001,1990,1994,0,1,-.000040000305,1,1990,1
IL,1990,.0011399999,0,1991,1990,0,0,0,1,1990,1
IL,1991,.00115,.00076999998,1991,1990,.00076999998,1,.000010000076,1,1990,1
IL,1992,.00115,.00076999998,1991,1990,0,1,0,1,1990,1
IL,1993,.00115,.00076999998,1991,1990,0,1,0,1,1990,1
IL,1994,.00115,.00076999998,1991,1990,0,1,0,1,1990,1
IL,1995,.00125,.00076999998,1991,1990,0,1,.000099999947,1,1990,1
IL,1996,.00133,.00078,1991,1990,.000010000018,1,.000080000027,1,1990,1
IL,1997,.00144,.00078,1991,1990,0,1,.00011000002,1,1990,1
IL,1998,.0015,.00076999998,1991,1990,-.000010000018,1,.000059999991,1,1990,1
IL,1999,.0014900001,.00076000002,1991,1990,-9.9999597e-06,1,-9.9999597e-06,1,1990,1
IL,2000,.00148,.000059999998,1991,1990,-.00070000003,1,-.000010000076,1,1990,1
IL,2001,.0014900001,.000070000002,1991,1990,.000010000003,1,.000010000076,1,1990,1
IL,2002,.0014900001,.000070000002,1991,1990,0,1,0,1,1990,1
IL,2003,.0015,.000070000002,1991,1990,0,1,9.9999597e-06,1,1990,1
IL,2004,.00151,.000070000002,1991,1990,0,1,9.9999597e-06,1,1990,1
IL,2005,.00151,.000079999998,1991,1990,9.9999961e-06,1,0,1,1990,1
IL,2006,.00151,.000070000002,1991,1990,-9.9999961e-06,1,0,1,1990,1
IL,2007,.00152,.000079999998,1991,1990,9.9999961e-06,1,.000010000076,1,1990,1
IL,2008,.00153,.000070000002,1991,1990,-9.9999961e-06,1,9.9999597e-06,1,1990,1
IL,2009,.00152,.000070000002,1991,1990,0,1,-9.9999597e-06,1,1990,1
IL,2010,.00152,.000070000002,1991,1990,0,1,0,1,1990,1
IN,1990,0,.00269,1990,2003,0,1,0,0,1990,1
IN,1991,0,.00269,1990,2003,0,1,0,0,1990,1
IN,1992,0,.00269,1990,2003,0,1,0,0,1990,1
IN,1993,0,.00269,1990,2003,0,1,0,0,1990,1
IN,1994,0,.00269,1990,2003,0,1,0,0,1990,1
IN,1995,0,.00269,1990,2003,0,1,0,0,1990,1
IN,1996,0,.00269,1990,2003,0,1,0,0,1990,1
IN,1997,0,.00269,1990,2003,0,1,0,0,1990,1
IN,1998,0,.00269,1990,2003,0,1,0,0,1990,1
IN,1999,0,.00269,1990,2003,0,1,0,0,1990,1
IN,2000,0,.00269,1990,2003,0,1,0,0,1990,1
IN,2001,0,.00269,1990,2003,0,1,0,0,1990,1
IN,2002,0,.00269,1990,2003,0,1,0,0,1990,1
IN,2003,.0070000002,.00269,1990,2003,0,1,.0070000002,1,1990,1
IN,2004,.0069200001,.00269,1990,2003,0,1,-.000080000143,1,1990,1
IN,2005,.00691,.00269,1990,2003,0,1,-.000010000076,1,1990,1
IN,2006,.0069400002,.00269,1990,2003,0,1,.000030000228,1,1990,1
IN,2007,.00666,.00269,1990,2003,0,1,-.00028000027,1,1990,1
IN,2008,.0067799999,.00269,1990,2003,0,1,.00011999998,1,1990,1
IN,2009,.0067099999,.00269,1990,2003,0,1,-.000070000067,1,1990,1
IN,2010,.0073000002,.00211,1990,2003,-.00057999999,1,.0005900003,1,1990,1
KY,1990,0,0,0,1992,0,0,0,0,1992,0
KY,1991,0,0,0,1992,0,0,0,0,1992,0
KY,1992,.02565,0,0,1992,0,0,.02565,1,1992,1
KY,1993,.025660001,0,0,1992,0,0,.000010000542,1,1992,1
KY,1994,.025660001,0,0,1992,0,0,0,1,1992,1
KY,1995,.025669999,0,0,1992,0,0,9.9986792e-06,1,1992,1
KY,1996,.025669999,0,0,1992,0,0,0,1,1992,1
KY,1997,.025669999,0,0,1992,0,0,0,1,1992,1
KY,1998,.02565,0,0,1992,0,0,-.000019999221,1,1992,1
KY,1999,.02564,0,0,1992,0,0,-.000010000542,1,1992,1
KY,2000,.025660001,0,0,1992,0,0,.000020001084,1,1992,1
KY,2001,.025669999,0,0,1992,0,0,9.9986792e-06,1,1992,1
KY,2002,.02565,0,0,1992,0,0,-.000019999221,1,1992,1
KY,2003,.025590001,0,0,1992,0,0,-.000059999526,1,1992,1
KY,2004,.02555,0,0,1992,0,0,-.000040000305,1,1992,1
KY,2005,.023809999,0,0,1992,0,0,-.0017400011,1,1992,1
KY,2006,.02386,0,0,1992,0,0,.000050000846,1,1992,1
KY,2007,.022430001,0,0,1992,0,0,-.0014299992,1,1992,1
KY,2008,.022430001,0,0,1992,0,0,0,1,1992,1
KY,2009,.022399999,0,0,1992,0,0,-.000030001625,1,1992,1
KY,2010,.022369999,0,0,1992,0,0,-.000029999763,1,1992,1
LA,1990,0,0,2003,1996,0,0,0,0,1996,0
LA,1991,0,0,2003,1996,0,0,0,0,1996,0
LA,1992,0,0,2003,1996,0,0,0,0,1996,0
LA,1993,0,0,2003,1996,0,0,0,0,1996,0
LA,1994,0,0,2003,1996,0,0,0,0,1996,0
LA,1995,0,0,2003,1996,0,0,0,0,1996,0
LA,1996,.00047999999,0,2003,1996,0,0,.00047999999,1,1996,1
LA,1997,.00047999999,0,2003,1996,0,0,0,1,1996,1
LA,1998,.00047999999,0,2003,1996,0,0,0,1,1996,1
LA,1999,.00047999999,0,2003,1996,0,0,0,1,1996,1
LA,2000,.00047999999,0,2003,1996,0,0,0,1,1996,1
LA,2001,.00047999999,0,2003,1996,0,0,0,1,1996,1
LA,2002,.00047999999,0,2003,1996,0,0,0,1,1996,1
LA,2003,.00047999999,.0020699999,2003,1996,.0020699999,1,0,1,1996,1
LA,2004,.00047999999,.0020699999,2003,1996,0,1,0,1,1996,1
LA,2005,.00047999999,.0020699999,2003,1996,0,1,0,1,1996,1
LA,2006,.00047999999,.0020699999,2003,1996,0,1,0,1,1996,1
LA,2007,.00047999999,.0020699999,2003,1996,0,1,0,1,1996,1
LA,2008,.00047999999,.0020699999,2003,1996,0,1,0,1,1996,1
LA,2009,.00047999999,.0020699999,2003,1996,0,1,0,1,1996,1
LA,2010,.00047999999,.0020699999,2003,1996,0,1,0,1,1996,1
MA,1990,.00057999999,0,1991,1990,0,0,0,1,1990,1
MA,1991,.00057999999,.0026799999,1991,1990,.0026799999,1,0,1,1990,1
MA,1992,.00057999999,.0026799999,1991,1990,0,1,0,1,1990,1
MA,1993,.00057999999,.0026799999,1991,1990,0,1,0,1,1990,1
MA,1994,.0016,.0026,1991,1990,-.000079999911,1,.00102,1,1990,1
MA,1995,.0016,.0026,1991,1990,0,1,0,1,1990,1
MA,1996,.00159,.0025899999,1991,1990,-.000010000076,1,-9.9999597e-06,1,1990,1
MA,1997,.00159,.0025800001,1991,1990,-9.9998433e-06,1,0,1,1990,1
MA,1998,.00157,.0025599999,1991,1990,-.000020000152,1,-.000020000036,1,1990,1
MA,1999,.00156,.00254,1991,1990,-.000019999919,1,-9.9999597e-06,1,1990,1
MA,2000,.00156,.0025200001,1991,1990,-.000019999919,1,0,1,1990,1
MA,2001,.00156,.00251,1991,1990,-.000010000076,1,0,1,1990,1
MA,2002,.00155,.00251,1991,1990,0,1,-9.9999597e-06,1,1990,1
MA,2003,.00155,.00251,1991,1990,0,1,0,1,1990,1
MA,2004,.00155,.0025200001,1991,1990,.000010000076,1,0,1,1990,1
MA,2005,.00155,.0025299999,1991,1990,9.9998433e-06,1,0,1,1990,1
MA,2006,.00156,.0025299999,1991,1990,0,1,9.9999597e-06,1,1990,1
MA,2007,.00156,.00254,1991,1990,.000010000076,1,0,1,1990,1
MA,2008,.00159,.00254,1991,1990,0,1,.000029999996,1,1990,1
MA,2009,.0020600001,.00257,1991,1990,.000029999996,1,.00047000009,1,1990,1
MA,2010,.0020300001,.0025299999,1991,1990,-.000040000072,1,-.000029999996,1,1990,1
MD,1990,0,0,2000,0,0,0,0,0,2000,0
MD,1991,0,0,2000,0,0,0,0,0,2000,0
MD,1992,0,0,2000,0,0,0,0,0,2000,0
MD,1993,0,0,2000,0,0,0,0,0,2000,0
MD,1994,0,0,2000,0,0,0,0,0,2000,0
MD,1995,0,0,2000,0,0,0,0,0,2000,0
MD,1996,0,0,2000,0,0,0,0,0,2000,0
MD,1997,0,0,2000,0,0,0,0,0,2000,0
MD,1998,0,0,2000,0,0,0,0,0,2000,0
MD,1999,0,0,2000,0,0,0,0,0,2000,0
MD,2000,0,.00263,2000,0,.00263,1,0,0,2000,1
MD,2001,0,.0025500001,2000,0,-.000079999911,1,0,0,2000,1
MD,2002,0,.0025500001,2000,0,0,1,0,0,2000,1
MD,2003,0,.0025500001,2000,0,0,1,0,0,2000,1
MD,2004,0,.0025599999,2000,0,9.9998433e-06,1,0,0,2000,1
MD,2005,0,.0025599999,2000,0,0,1,0,0,2000,1
MD,2006,0,.0025800001,2000,0,.000020000152,1,0,0,2000,1
MD,2007,0,.0025800001,2000,0,0,1,0,0,2000,1
MD,2008,0,.00266,2000,0,.000079999911,1,0,0,2000,1
MD,2009,0,.00266,2000,0,0,1,0,0,2000,1
MD,2010,0,.00266,2000,0,0,1,0,0,2000,1
MI,1990,0,0,2008,2000,0,0,0,0,2000,0
MI,1991,0,0,2008,2000,0,0,0,0,2000,0
MI,1992,0,0,2008,2000,0,0,0,0,2000,0
MI,1993,0,0,2008,2000,0,0,0,0,2000,0
MI,1994,0,0,2008,2000,0,0,0,0,2000,0
MI,1995,0,0,2008,2000,0,0,0,0,2000,0
MI,1996,0,0,2008,2000,0,0,0,0,2000,0
MI,1997,0,0,2008,2000,0,0,0,0,2000,0
MI,1998,0,0,2008,2000,0,0,0,0,2000,0
MI,1999,0,0,2008,2000,0,0,0,0,2000,0
MI,2000,.00102,0,2008,2000,0,0,.00102,1,2000,1
MI,2001,.00096999999,0,2008,2000,0,0,-.000049999973,1,2000,1
MI,2002,.00092000002,0,2008,2000,0,0,-.000049999973,1,2000,1
MI,2003,.00092000002,0,2008,2000,0,0,0,1,2000,1
MI,2004,.00092000002,0,2008,2000,0,0,0,1,2000,1
MI,2005,.00092000002,0,2008,2000,0,0,0,1,2000,1
MI,2006,.00092000002,0,2008,2000,0,0,0,1,2000,1
MI,2007,.00092000002,0,2008,2000,0,0,0,1,2000,1
MI,2008,.00034,.00082999998,2008,2000,.00082999998,1,-.00057999999,1,2000,1
MI,2009,.00033000001,.00102,2008,2000,.00018999999,1,-9.9999888e-06,1,2000,1
MI,2010,.00036000001,.00102,2008,2000,0,1,.000029999996,1,2000,1
MN,1990,0,.00066999998,1990,0,0,1,0,0,1990,1
MN,1991,0,.00066999998,1990,0,0,1,0,0,1990,1
MN,1992,0,.00066999998,1990,0,0,1,0,0,1990,1
MN,1993,0,.00066999998,1990,0,0,1,0,0,1990,1
MN,1994,0,.00066999998,1990,0,0,1,0,0,1990,1
MN,1995,0,.00066999998,1990,0,0,1,0,0,1990,1
MN,1996,0,.00066999998,1990,0,0,1,0,0,1990,1
MN,1997,0,.00066999998,1990,0,0,1,0,0,1990,1
MN,1998,0,.00066999998,1990,0,0,1,0,0,1990,1
MN,1999,0,.00066999998,1990,0,0,1,0,0,1990,1
MN,2000,0,.00066999998,1990,0,0,1,0,0,1990,1
MN,2001,0,.00066999998,1990,0,0,1,0,0,1990,1
MN,2002,0,.00066999998,1990,0,0,1,0,0,1990,1
MN,2003,0,.00066999998,1990,0,0,1,0,0,1990,1
MN,2004,0,.00066999998,1990,0,0,1,0,0,1990,1
MN,2005,0,.00066999998,1990,0,0,1,0,0,1990,1
MN,2006,0,.00066999998,1990,0,0,1,0,0,1990,1
MN,2007,0,.00066999998,1990,0,0,1,0,0,1990,1
MN,2008,0,.00066999998,1990,0,0,1,0,0,1990,1
MN,2009,0,.00066999998,1990,0,0,1,0,0,1990,1
MN,2010,0,0,1990,0,-.00066999998,0,0,0,1990,0
MO,1990,0,0,2001,0,0,0,0,0,2001,0
MO,1991,0,0,2001,0,0,0,0,0,2001,0
MO,1992,0,0,2001,0,0,0,0,0,2001,0
MO,1993,0,0,2001,0,0,0,0,0,2001,0
MO,1994,0,0,2001,0,0,0,0,0,2001,0
MO,1995,0,0,2001,0,0,0,0,0,2001,0
MO,1996,0,0,2001,0,0,0,0,0,2001,0
MO,1997,0,0,2001,0,0,0,0,0,2001,0
MO,1998,0,0,2001,0,0,0,0,0,2001,0
MO,1999,0,0,2001,0,0,0,0,0,2001,0
MO,2000,0,0,2001,0,0,0,0,0,2001,0
MO,2001,0,.00025000001,2001,0,.00025000001,1,0,0,2001,1
MO,2002,0,.00025000001,2001,0,0,1,0,0,2001,1
MO,2003,0,.00025000001,2001,0,0,1,0,0,2001,1
MO,2004,0,.00025000001,2001,0,0,1,0,0,2001,1
MO,2005,0,0,2001,0,-.00025000001,0,0,0,2001,0
MO,2006,0,0,2001,0,0,0,0,0,2001,0
MO,2007,0,0,2001,0,0,0,0,0,2001,0
MO,2008,0,0,2001,0,0,0,0,0,2001,0
MO,2009,0,0,2001,0,0,0,0,0,2001,0
MO,2010,0,0,2001,0,0,0,0,0,2001,0
NC,1990,0,0,1996,1996,0,0,0,0,1996,0
NC,1991,0,0,1996,1996,0,0,0,0,1996,0
NC,1992,0,0,1996,1996,0,0,0,0,1996,0
NC,1993,0,0,1996,1996,0,0,0,0,1996,0
NC,1994,0,0,1996,1996,0,0,0,0,1996,0
NC,1995,0,0,1996,1996,0,0,0,0,1996,0
NC,1996,.0025500001,.00109,1996,1996,.00109,1,.0025500001,1,1996,1
NC,1997,.0024900001,.00106,1996,1996,-.000029999996,1,-.000059999991,1,1996,1
NC,1998,.00248,.00106,1996,1996,0,1,-.000010000076,1,1996,1
NC,1999,.00241,.00103,1996,1996,-.000029999996,1,-.000070000067,1,1996,1
NC,2000,.00241,.00102,1996,1996,-.000010000076,1,0,1,1996,1
NC,2001,.00242,.00102,1996,1996,0,1,.000010000076,1,1996,1
NC,2002,.00171,.00116,1996,1996,.00014000002,1,-.00071000005,1,1996,1
NC,2003,.00171,.00116,1996,1996,0,1,0,1,1996,1
NC,2004,.00171,.00119,1996,1996,.000029999996,1,0,1,1996,1
NC,2005,.0017,.00118,1996,1996,-9.9999597e-06,1,-9.9999597e-06,1,1996,1
NC,2006,.0017,.00053000002,1996,1996,-.00065,1,0,1,1996,1
NC,2007,.00147,.00066999998,1996,1996,.00013999996,1,-.00023000001,1,1996,1
NC,2008,.0015,.00066999998,1996,1996,0,1,.000029999996,1,1996,1
NC,2009,.00148,.00066999998,1996,1996,0,1,-.000020000036,1,1996,1
NC,2010,.00147,.00066999998,1996,1996,0,1,-9.9999597e-06,1,1996,1
NE,1990,.01067,0,2006,1990,0,0,0,1,1990,1
NE,1991,.01097,0,2006,1990,0,0,.00030000042,1,1990,1
NE,1992,.01074,0,2006,1990,0,0,-.00023000035,1,1990,1
NE,1993,.01075,0,2006,1990,0,0,.000010000542,1,1990,1
NE,1994,.01075,0,2006,1990,0,0,0,1,1990,1
NE,1995,.01076,0,2006,1990,0,0,9.9996105e-06,1,1990,1
NE,1996,.01081,0,2006,1990,0,0,.000049999915,1,1990,1
NE,1997,.0107,0,2006,1990,0,0,-.00010999944,1,1990,1
NE,1998,.01068,0,2006,1990,0,0,-.000020000152,1,1990,1
NE,1999,.01069,0,2006,1990,0,0,9.9996105e-06,1,1990,1
NE,2000,.0097099999,0,2006,1990,0,0,-.00098000001,1,1990,1
NE,2001,.01096,0,2006,1990,0,0,.0012499997,1,1990,1
NE,2002,.01091,0,2006,1990,0,0,-.000049999915,1,1990,1
NE,2003,.01106,0,2006,1990,0,0,.00015000068,1,1990,1
NE,2004,.01104,0,2006,1990,0,0,-.000020000152,1,1990,1
NE,2005,.01106,0,2006,1990,0,0,.000020000152,1,1990,1
NE,2006,.0111,.00039999999,2006,1990,.00039999999,1,.000039999373,1,1990,1
NE,2007,.01113,.00039999999,2006,1990,0,1,.000030000694,1,1990,1
NE,2008,.0099600004,.00039999999,2006,1990,0,1,-.0011700001,1,1990,1
NE,2009,.0098700002,.00039999999,2006,1990,0,1,-.00009000022,1,1990,1
NE,2010,.0098299999,.00039999999,2006,1990,0,1,-.000040000305,1,1990,1
NJ,1990,0,0,1994,1994,0,0,0,0,1994,0
NJ,1991,0,0,1994,1994,0,0,0,0,1994,0
NJ,1992,0,0,1994,1994,0,0,0,0,1994,0
NJ,1993,0,0,1994,1994,0,0,0,0,1994,0
NJ,1994,.00125,.0026700001,1994,1994,.0026700001,1,.00125,1,1994,1
NJ,1995,.00124,.0026700001,1994,1994,0,1,-9.9999597e-06,1,1994,1
NJ,1996,.00122,.0026700001,1994,1994,0,1,-.000020000036,1,1994,1
NJ,1997,.00121,.0026700001,1994,1994,0,1,-9.9999597e-06,1,1994,1
NJ,1998,.0012000001,.0026700001,1994,1994,0,1,-9.9999597e-06,1,1994,1
NJ,1999,.00118,.0026700001,1994,1994,0,1,-.000020000036,1,1994,1
NJ,2000,.0011699999,.0026700001,1994,1994,0,1,-.000010000076,1,1994,1
NJ,2001,.0011699999,.0026700001,1994,1994,0,1,0,1,1994,1
NJ,2002,.0011699999,.0026799999,1994,1994,9.9998433e-06,1,0,1,1994,1
NJ,2003,.00116,.0026799999,1994,1994,0,1,-9.9999597e-06,1,1994,1
NJ,2004,.0011399999,.0026799999,1994,1994,0,1,-.000020000036,1,1994,1
NJ,2005,.00113,.0026799999,1994,1994,0,1,-9.9999597e-06,1,1994,1
NJ,2006,.00112,.0026799999,1994,1994,0,1,-9.9999597e-06,1,1994,1
NJ,2007,.00111,.0026799999,1994,1994,0,1,-.000010000076,1,1994,1
NJ,2008,.00111,.0026799999,1994,1994,0,1,0,1,1994,1
NJ,2009,.0011,.0026799999,1994,1994,0,1,-9.9999597e-06,1,1994,1
NJ,2010,.00108,.0026799999,1994,1994,0,1,-.000020000036,1,1994,1
NM,1990,0,0,2000,2001,0,0,0,0,2000,0
NM,1991,0,0,2000,2001,0,0,0,0,2000,0
NM,1992,0,0,2000,2001,0,0,0,0,2000,0
NM,1993,0,0,2000,2001,0,0,0,0,2000,0
NM,1994,0,0,2000,2001,0,0,0,0,2000,0
NM,1995,0,0,2000,2001,0,0,0,0,2000,0
NM,1996,0,0,2000,2001,0,0,0,0,2000,0
NM,1997,0,0,2000,2001,0,0,0,0,2000,0
NM,1998,0,0,2000,2001,0,0,0,0,2000,0
NM,1999,0,0,2000,2001,0,0,0,0,2000,0
NM,2000,0,.0022700001,2000,2001,.0022700001,1,0,0,2000,1
NM,2001,.00153,.0022400001,2000,2001,-.000029999996,1,.00153,1,2000,1
NM,2002,.00153,.0022400001,2000,2001,0,1,0,1,2000,1
NM,2003,.00152,.0022400001,2000,2001,0,1,-9.9999597e-06,1,2000,1
NM,2004,.00152,.0022400001,2000,2001,0,1,0,1,2000,1
NM,2005,.00152,.0022400001,2000,2001,0,1,0,1,2000,1
NM,2006,.00152,.0022400001,2000,2001,0,1,0,1,2000,1
NM,2007,.00152,.0022400001,2000,2001,0,1,0,1,2000,1
NM,2008,.00154,.0022400001,2000,2001,0,1,.000019999919,1,2000,1
NM,2009,.00153,.0022400001,2000,2001,0,1,-9.9999597e-06,1,2000,1
NM,2010,.00156,.0022400001,2000,2001,0,1,.000029999996,1,2000,1
NV,1990,0,0,0,0,0,0,0,0,0,0
NV,1991,0,0,0,0,0,0,0,0,0,0
NV,1992,0,0,0,0,0,0,0,0,0,0
NV,1993,0,0,0,0,0,0,0,0,0,0
NV,1994,0,0,0,0,0,0,0,0,0,0
NV,1995,0,0,0,0,0,0,0,0,0,0
NV,1996,0,0,0,0,0,0,0,0,0,0
NV,1997,0,0,0,0,0,0,0,0,0,0
NV,1998,0,0,0,0,0,0,0,0,0,0
NV,1999,0,0,0,0,0,0,0,0,0,0
NV,2000,0,0,0,0,0,0,0,0,0,0
NV,2001,0,0,0,0,0,0,0,0,0,0
NV,2002,0,0,0,0,0,0,0,0,0,0
NV,2003,0,0,0,0,0,0,0,0,0,0
NV,2004,0,0,0,0,0,0,0,0,0,0
NV,2005,0,0,0,0,0,0,0,0,0,0
NV,2006,0,0,0,0,0,0,0,0,0,0
NV,2007,0,0,0,0,0,0,0,0,0,0
NV,2008,0,0,0,0,0,0,0,0,0,0
NV,2009,0,0,0,0,0,0,0,0,0,0
NV,2010,0,0,0,0,0,0,0,0,0,0
NY,1990,.0047599999,0,2010,1990,0,0,0,1,1990,1
NY,1991,.00477,0,2010,1990,0,0,.000010000076,1,1990,1
NY,1992,.00477,0,2010,1990,0,0,0,1,1990,1
NY,1993,.0047800001,0,2010,1990,0,0,.000010000076,1,1990,1
NY,1994,.00477,0,2010,1990,0,0,-.000010000076,1,1990,1
NY,1995,.0049200002,0,2010,1990,0,0,.00015000021,1,1990,1
NY,1996,.0048500001,0,2010,1990,0,0,-.000070000067,1,1990,1
NY,1997,.0048500001,0,2010,1990,0,0,0,1,1990,1
NY,1998,.0048799999,0,2010,1990,0,0,.000029999763,1,1990,1
NY,1999,.0049200002,0,2010,1990,0,0,.000040000305,1,1990,1
NY,2000,.0048199999,0,2010,1990,0,0,-.0001000003,1,1990,1
NY,2001,.019619999,0,2010,1990,0,0,.014799999,1,1990,1
NY,2002,.019470001,0,2010,1990,0,0,-.00014999881,1,1990,1
NY,2003,.01939,0,2010,1990,0,0,-.000080000609,1,1990,1
NY,2004,.019330001,0,2010,1990,0,0,-.000059999526,1,1990,1
NY,2005,.019400001,0,2010,1990,0,0,.000070000067,1,1990,1
NY,2006,.019509999,0,2010,1990,0,0,.00010999851,1,1990,1
NY,2007,.019619999,0,2010,1990,0,0,.00011000037,1,1990,1
NY,2008,.019950001,0,2010,1990,0,0,.00033000112,1,1990,1
NY,2009,.01963,0,2010,1990,0,0,-.00032000057,1,1990,1
NY,2010,.00624,.00053999998,2010,1990,.00053999998,1,-.01339,1,1990,1
OH,1990,0,0,2004,1995,0,0,0,0,1995,0
OH,1991,0,0,2004,1995,0,0,0,0,1995,0
OH,1992,0,0,2004,1995,0,0,0,0,1995,0
OH,1993,0,0,2004,1995,0,0,0,0,1995,0
OH,1994,0,0,2004,1995,0,0,0,0,1995,0
OH,1995,.00145,0,2004,1995,0,0,.00145,1,1995,1
OH,1996,.0014600001,0,2004,1995,0,0,.000010000076,1,1995,1
OH,1997,.0014600001,0,2004,1995,0,0,0,1,1995,1
OH,1998,.00145,0,2004,1995,0,0,-.000010000076,1,1995,1
OH,1999,.00144,0,2004,1995,0,0,-9.9999597e-06,1,1995,1
OH,2000,.00145,0,2004,1995,0,0,9.9999597e-06,1,1995,1
OH,2001,.00145,0,2004,1995,0,0,0,1,1995,1
OH,2002,.00144,0,2004,1995,0,0,-9.9999597e-06,1,1995,1
OH,2003,.0014299999,0,2004,1995,0,0,-.000010000076,1,1995,1
OH,2004,.0014299999,.00088000001,2004,1995,.00088000001,1,0,1,1995,1
OH,2005,.00144,.00088000001,2004,1995,0,1,.000010000076,1,1995,1
OH,2006,0,.00070999999,2004,1995,-.00017000001,1,-.00144,0,1995,1
OH,2007,0,.00053000002,2004,1995,-.00017999997,1,0,0,1995,1
OH,2008,0,.00034999999,2004,1995,-.00018000003,1,0,0,1995,1
OH,2009,0,.00023999999,2004,1995,-.00010999999,1,0,0,1995,1
OH,2010,0,.00023999999,2004,1995,0,1,0,0,1995,1
OR,1990,0,.00135,1990,0,0,1,0,0,1990,1
OR,1991,0,.00135,1990,0,0,1,0,0,1990,1
OR,1992,0,.00135,1990,0,0,1,0,0,1990,1
OR,1993,0,.00135,1990,0,0,1,0,0,1990,1
OR,1994,0,.00135,1990,0,0,1,0,0,1990,1
OR,1995,0,.00135,1990,0,0,1,0,0,1990,1
OR,1996,0,.00135,1990,0,0,1,0,0,1990,1
OR,1997,0,.00135,1990,0,0,1,0,0,1990,1
OR,1998,0,.00135,1990,0,0,1,0,0,1990,1
OR,1999,0,.00135,1990,0,0,1,0,0,1990,1
OR,2000,0,.00135,1990,0,0,1,0,0,1990,1
OR,2001,0,.00135,1990,0,0,1,0,0,1990,1
OR,2002,0,.00135,1990,0,0,1,0,0,1990,1
OR,2003,0,.00135,1990,0,0,1,0,0,1990,1
OR,2004,0,.00135,1990,0,0,1,0,0,1990,1
OR,2005,0,.00135,1990,0,0,1,0,0,1990,1
OR,2006,0,.00135,1990,0,0,1,0,0,1990,1
OR,2007,0,.00135,1990,0,0,1,0,0,1990,1
OR,2008,0,.00135,1990,0,0,1,0,0,1990,1
OR,2009,0,.00135,1990,0,0,1,0,0,1990,1
OR,2010,0,.00135,1990,0,0,1,0,0,1990,1
PA,1990,0,0,1997,0,0,0,0,0,1997,0
PA,1991,0,0,1997,0,0,0,0,0,1997,0
PA,1992,0,0,1997,0,0,0,0,0,1997,0
PA,1993,0,0,1997,0,0,0,0,0,1997,0
PA,1994,0,0,1997,0,0,0,0,0,1997,0
PA,1995,0,0,1997,0,0,0,0,0,1997,0
PA,1996,0,0,1997,0,0,0,0,0,1997,0
PA,1997,0,.00078,1997,0,.00078,1,0,0,1997,1
PA,1998,0,.00078,1997,0,0,1,0,0,1997,1
PA,1999,0,.00078,1997,0,0,1,0,0,1997,1
PA,2000,0,.00078,1997,0,0,1,0,0,1997,1
PA,2001,0,.00078,1997,0,0,1,0,0,1997,1
PA,2002,0,.00078,1997,0,0,1,0,0,1997,1
PA,2003,0,.00078,1997,0,0,1,0,0,1997,1
PA,2004,0,.00078,1997,0,0,1,0,0,1997,1
PA,2005,0,.00078,1997,0,0,1,0,0,1997,1
PA,2006,0,.00078,1997,0,0,1,0,0,1997,1
PA,2007,0,.00078,1997,0,0,1,0,0,1997,1
PA,2008,0,.00078,1997,0,0,1,0,0,1997,1
PA,2009,0,.00078,1997,0,0,1,0,0,1997,1
PA,2010,0,.00078,1997,0,0,1,0,0,1997,1
SC,1990,0,0,2002,1995,0,0,0,0,1995,0
SC,1991,0,0,2002,1995,0,0,0,0,1995,0
SC,1992,0,0,2002,1995,0,0,0,0,1995,0
SC,1993,0,0,2002,1995,0,0,0,0,1995,0
SC,1994,0,0,2002,1995,0,0,0,0,1995,0
SC,1995,.0087299999,0,2002,1995,0,0,.0087299999,1,1995,1
SC,1996,.0087299999,0,2002,1995,0,0,0,1,1995,1
SC,1997,.0087299999,0,2002,1995,0,0,0,1,1995,1
SC,1998,.0087299999,0,2002,1995,0,0,0,1,1995,1
SC,1999,.0087299999,0,2002,1995,0,0,0,1,1995,1
SC,2000,.0087299999,0,2002,1995,0,0,0,1,1995,1
SC,2001,.0087299999,0,2002,1995,0,0,0,1,1995,1
SC,2002,.0087299999,.0015,2002,1995,.0015,1,0,1,1995,1
SC,2003,.0087299999,.0014900001,2002,1995,-9.9999597e-06,1,0,1,1995,1
SC,2004,.0087299999,.0014900001,2002,1995,0,1,0,1,1995,1
SC,2005,.0087299999,.00151,2002,1995,.000019999919,1,0,1,1995,1
SC,2006,.0087299999,.0015,2002,1995,-9.9999597e-06,1,0,1,1995,1
SC,2007,.0087299999,.00147,2002,1995,-.000029999996,1,0,1,1995,1
SC,2008,.0087400004,.00144,2002,1995,-.000029999996,1,.000010000542,1,1995,1
SC,2009,.0087299999,.0014299999,2002,1995,-.000010000076,1,-.000010000542,1,1995,1
SC,2010,.0093799997,.00126,2002,1995,-.0001699999,1,.00064999983,1,1995,1
TN,1990,0,0,0,1995,0,0,0,0,1995,0
TN,1991,0,0,0,1995,0,0,0,0,1995,0
TN,1992,0,0,0,1995,0,0,0,0,1995,0
TN,1993,0,0,0,1995,0,0,0,0,1995,0
TN,1994,0,0,0,1995,0,0,0,0,1995,0
TN,1995,.00031999999,0,0,1995,0,0,.00031999999,1,1995,1
TN,1996,.00031999999,0,0,1995,0,0,0,1,1995,1
TN,1997,.00031999999,0,0,1995,0,0,0,1,1995,1
TN,1998,.00031999999,0,0,1995,0,0,0,1,1995,1
TN,1999,.00031,0,0,1995,0,0,-9.9999888e-06,1,1995,1
TN,2000,.00031,0,0,1995,0,0,0,1,1995,1
TN,2001,.00031,0,0,1995,0,0,0,1,1995,1
TN,2002,.00031999999,0,0,1995,0,0,9.9999888e-06,1,1995,1
TN,2003,.00031999999,0,0,1995,0,0,0,1,1995,1
TN,2004,.00031,0,0,1995,0,0,-9.9999888e-06,1,1995,1
TN,2005,.00031999999,0,0,1995,0,0,9.9999888e-06,1,1995,1
TN,2006,.00031999999,0,0,1995,0,0,0,1,1995,1
TN,2007,.00031999999,0,0,1995,0,0,0,1,1995,1
TN,2008,.00031999999,0,0,1995,0,0,0,1,1995,1
TN,2009,.00031999999,0,0,1995,0,0,0,1,1995,1
TN,2010,.00031999999,0,0,1995,0,0,0,1,1995,1
TX,1990,0,0,2000,0,0,0,0,0,2000,0
TX,1991,0,0,2000,0,0,0,0,0,2000,0
TX,1992,0,0,2000,0,0,0,0,0,2000,0
TX,1993,0,0,2000,0,0,0,0,0,2000,0
TX,1994,0,0,2000,0,0,0,0,0,2000,0
TX,1995,0,0,2000,0,0,0,0,0,2000,0
TX,1996,0,0,2000,0,0,0,0,0,2000,0
TX,1997,0,0,2000,0,0,0,0,0,2000,0
TX,1998,0,0,2000,0,0,0,0,0,2000,0
TX,1999,0,0,2000,0,0,0,0,0,2000,0
TX,2000,0,.00073000003,2000,0,.00073000003,1,0,0,2000,1
TX,2001,0,.00073000003,2000,0,0,1,0,0,2000,1
TX,2002,0,.0011699999,2000,0,.00043999992,1,0,0,2000,1
TX,2003,0,.0011699999,2000,0,0,1,0,0,2000,1
TX,2004,0,.0011699999,2000,0,0,1,0,0,2000,1
TX,2005,0,.0011699999,2000,0,0,1,0,0,2000,1
TX,2006,0,.0011699999,2000,0,0,1,0,0,2000,1
TX,2007,0,.00112,2000,0,-.000049999915,1,0,0,2000,1
TX,2008,0,0,2000,0,-.00112,0,0,0,2000,0
TX,2009,0,0,2000,0,0,0,0,0,2000,0
TX,2010,0,0,2000,0,0,0,0,0,2000,0
VA,1990,0,0,0,0,0,0,0,0,0,0
VA,1991,0,0,0,0,0,0,0,0,0,0
VA,1992,0,0,0,0,0,0,0,0,0,0
VA,1993,0,0,0,0,0,0,0,0,0,0
VA,1994,0,0,0,0,0,0,0,0,0,0
VA,1995,0,0,0,0,0,0,0,0,0,0
VA,1996,0,0,0,0,0,0,0,0,0,0
VA,1997,0,0,0,0,0,0,0,0,0,0
VA,1998,0,0,0,0,0,0,0,0,0,0
VA,1999,0,0,0,0,0,0,0,0,0,0
VA,2000,0,0,0,0,0,0,0,0,0,0
VA,2001,0,0,0,0,0,0,0,0,0,0
VA,2002,0,0,0,0,0,0,0,0,0,0
VA,2003,0,0,0,0,0,0,0,0,0,0
VA,2004,0,0,0,0,0,0,0,0,0,0
VA,2005,0,0,0,0,0,0,0,0,0,0
VA,2006,0,0,0,0,0,0,0,0,0,0
VA,2007,0,0,0,0,0,0,0,0,0,0
VA,2008,0,0,0,0,0,0,0,0,0,0
VA,2009,0,0,0,0,0,0,0,0,0,0
VA,2010,0,0,0,0,0,0,0,0,0,0
WA,1990,0,0,1994,0,0,0,0,0,1994,0
WA,1991,0,0,1994,0,0,0,0,0,1994,0
WA,1992,0,0,1994,0,0,0,0,0,1994,0
WA,1993,0,0,1994,0,0,0,0,0,1994,0
WA,1994,0,.00053000002,1994,0,.00053000002,1,0,0,1994,1
WA,1995,0,.00046000001,1994,0,-.000070000009,1,0,0,1994,1
WA,1996,0,.00046000001,1994,0,0,1,0,0,1994,1
WA,1997,0,.00038000001,1994,0,-.000079999998,1,0,0,1994,1
WA,1998,0,.00038000001,1994,0,0,1,0,0,1994,1
WA,1999,0,.00038000001,1994,0,0,1,0,0,1994,1
WA,2000,0,.00038000001,1994,0,0,1,0,0,1994,1
WA,2001,0,.00038000001,1994,0,0,1,0,0,1994,1
WA,2002,0,.00038000001,1994,0,0,1,0,0,1994,1
WA,2003,0,.00038000001,1994,0,0,1,0,0,1994,1
WA,2004,0,.00038000001,1994,0,0,1,0,0,1994,1
WA,2005,0,.00038000001,1994,0,0,1,0,0,1994,1
WA,2006,0,.00038000001,1994,0,0,1,0,0,1994,1
WA,2007,0,.00042,1994,0,.000039999984,1,0,0,1994,1
WA,2008,0,.00044999999,1994,0,.000029999996,1,0,0,1994,1
WA,2009,0,.00047,1994,0,.000020000007,1,0,0,1994,1
WA,2010,0,.00049000001,1994,0,.000020000007,1,0,0,1994,1
WI,1990,0,.00135,1990,2009,0,1,0,0,1990,1
WI,1991,0,.00135,1990,2009,0,1,0,0,1990,1
WI,1992,0,.00135,1990,2009,0,1,0,0,1990,1
WI,1993,0,.00135,1990,2009,0,1,0,0,1990,1
WI,1994,0,.00135,1990,2009,0,1,0,0,1990,1
WI,1995,0,.00135,1990,2009,0,1,0,0,1990,1
WI,1996,0,.00135,1990,2009,0,1,0,0,1990,1
WI,1997,0,.00135,1990,2009,0,1,0,0,1990,1
WI,1998,0,.00135,1990,2009,0,1,0,0,1990,1
WI,1999,0,.00135,1990,2009,0,1,0,0,1990,1
WI,2000,0,.00135,1990,2009,0,1,0,0,1990,1
WI,2001,0,.00135,1990,2009,0,1,0,0,1990,1
WI,2002,0,.00135,1990,2009,0,1,0,0,1990,1
WI,2003,0,.00135,1990,2009,0,1,0,0,1990,1
WI,2004,0,.00135,1990,2009,0,1,0,0,1990,1
WI,2005,0,.00135,1990,2009,0,1,0,0,1990,1
WI,2006,0,.00135,1990,2009,0,1,0,0,1990,1
WI,2007,0,.00135,1990,2009,0,1,0,0,1990,1
WI,2008,0,.00135,1990,2009,0,1,0,0,1990,1
WI,2009,.0040799999,.00135,1990,2009,0,1,.0040799999,1,1990,1
WI,2010,.0041100001,.00135,1990,2009,0,1,.000030000228,1,1990,1
